title,year,rating,release_date,runtime,genre,director,writer,actors,plot,Country,Awards,Metascore,imdbRating,imdbVotes,imdbID,BoxOffice,rt_rating
The Shawshank Redemption,1994,R,10/14/1994,142,Drama,Frank Darabont,"Stephen King, Frank Darabont","Tim Robbins, Morgan Freeman, Bob Gunton","A banker convicted of uxoricide forms a friendship over a quarter century with a hardened convict, while maintaining his innocence and trying to remain hopeful through simple compassion.",United States,Nominated for 7 Oscars. 21 wins & 42 nominations total,82,9.3,"2,957,050",tt0111161,"$28,767,189 ",89%
The Godfather,1972,R,3/24/1972,175,"Crime, Drama",Francis Ford Coppola,"Mario Puzo, Francis Ford Coppola","Marlon Brando, Al Pacino, James Caan",The aging patriarch of an organized crime dynasty transfers control of his clandestine empire to his reluctant son.,United States,Won 3 Oscars. 31 wins & 31 nominations total,100,9.2,"2,057,473",tt0068646,"$136,381,073 ",97%
The Dark Knight,2008,PG-13,7/18/2008,152,"Action, Crime, Drama",Christopher Nolan,"Jonathan Nolan, Christopher Nolan, David S. Goyer","Christian Bale, Heath Ledger, Aaron Eckhart","When a menace known as the Joker wreaks havoc and chaos on the people of Gotham, Batman, James Gordon and Harvey Dent must work together to put an end to the madness.","United States, United Kingdom",Won 2 Oscars. 164 wins & 164 nominations total,84,9,"2,932,729",tt0468569,"$534,987,076 ",94%
The Godfather Part II,1974,R,12/18/1974,202,"Crime, Drama",Francis Ford Coppola,"Francis Ford Coppola, Mario Puzo","Al Pacino, Robert De Niro, Robert Duvall","The early life and career of Vito Corleone in 1920s New York City is portrayed, while his son, Michael, expands and tightens his grip on the family crime syndicate.",United States,Won 6 Oscars. 17 wins & 21 nominations total,90,9,"1,392,629",tt0071562,"$47,834,595 ",96%
The Lord of the Rings: The Return of the King,2003,PG-13,12/17/2003,201,"Action, Adventure, Drama",Peter Jackson,"J.R.R. Tolkien, Fran Walsh, Philippa Boyens","Elijah Wood, Viggo Mortensen, Ian McKellen",Gandalf and Aragorn lead the World of Men against Sauron's army to draw his gaze from Frodo and Sam as they approach Mount Doom with the One Ring.,"New Zealand, United States",Won 11 Oscars. 215 wins & 124 nominations total,94,9,"2,024,305",tt0167260,"$381,878,219 ",94%
Schindler's List,1993,R,2/4/1994,195,"Biography, Drama, History",Steven Spielberg,"Thomas Keneally, Steven Zaillian","Liam Neeson, Ralph Fiennes, Ben Kingsley","In German-occupied Poland during World War II, industrialist Oskar Schindler gradually becomes concerned for his Jewish workforce after witnessing their persecution by the Nazis.",United States,Won 7 Oscars. 91 wins & 49 nominations total,95,9,"1,480,596",tt0108052,"$96,898,818 ",98%
Pulp Fiction,1994,R,10/14/1994,154,"Crime, Drama",Quentin Tarantino,"Quentin Tarantino, Roger Avary","John Travolta, Uma Thurman, Samuel L. Jackson","The lives of two mob hitmen, a boxer, a gangster and his wife, and a pair of diner bandits intertwine in four tales of violence and redemption.",United States,Won 1 Oscar. 69 wins & 72 nominations total,95,8.9,"2,266,472",tt0110912,"$107,928,762 ",92%
The Lord of the Rings: The Fellowship of the Ring,2001,PG-13,12/19/2001,178,"Action, Adventure, Drama",Peter Jackson,"J.R.R. Tolkien, Fran Walsh, Philippa Boyens","Elijah Wood, Ian McKellen, Orlando Bloom",A meek Hobbit from the Shire and eight companions set out on a journey to destroy the powerful One Ring and save Middle-earth from the Dark Lord Sauron.,"New Zealand, United States, United Kingdom",Won 4 Oscars. 125 wins & 126 nominations total,92,8.9,"2,054,361",tt0120737,"$319,372,078 ",92%
"The Good, the Bad and the Ugly",1966,R,12/29/1967,178,"Adventure, Drama, Western",Sergio Leone,"Luciano Vincenzoni, Sergio Leone, Agenore Incrocci","Clint Eastwood, Eli Wallach, Lee Van Cleef",A bounty hunting scam joins two men in an uneasy alliance against a third in a race to find a fortune in gold buried in a remote cemetery.,"Italy, Spain, West Germany",2 wins & 5 nominations,90,8.8,"828,737",tt0060196,"$25,100,000 ",97%
Forrest Gump,1994,PG-13,7/6/1994,142,"Drama, Romance",Robert Zemeckis,"Winston Groom, Eric Roth","Tom Hanks, Robin Wright, Gary Sinise","The history of the United States from the 1950s to the '70s unfolds from the perspective of an Alabama man with an IQ of 75, who yearns to be reunited with his childhood sweetheart.",United States,Won 6 Oscars. 51 wins & 74 nominations total,82,8.8,"2,314,429",tt0109830,"$330,455,270 ",76%
The Lord of the Rings: The Two Towers,2002,PG-13,12/18/2002,179,"Action, Adventure, Drama",Peter Jackson,"J.R.R. Tolkien, Fran Walsh, Philippa Boyens","Elijah Wood, Ian McKellen, Viggo Mortensen","While Frodo and Sam edge closer to Mordor with the help of the shifty Gollum, the divided fellowship makes a stand against Sauron's new ally, Saruman, and his hordes of Isengard.","New Zealand, United States",Won 2 Oscars. 132 wins & 138 nominations total,87,8.8,"1,819,421",tt0167261,"$345,518,923 ",95%
Fight Club,1999,R,10/15/1999,139,Drama,David Fincher,"Chuck Palahniuk, Jim Uhls","Brad Pitt, Edward Norton, Meat Loaf",An insomniac office worker and a devil-may-care soap maker form an underground fight club that evolves into much more.,"Germany, United States",Nominated for 1 Oscar. 12 wins & 38 nominations total,67,8.8,"2,383,262",tt0137523,"$37,030,102 ",80%
Inception,2010,PG-13,7/16/2010,148,"Action, Adventure, Sci-Fi",Christopher Nolan,Christopher Nolan,"Leonardo DiCaprio, Joseph Gordon-Levitt, Elliot Page","A thief who steals corporate secrets through the use of dream-sharing technology is given the inverse task of planting an idea into the mind of a C.E.O., but his tragic past may doom the project and his team to disaster.","United States, United Kingdom",Won 4 Oscars. 159 wins & 220 nominations total,74,8.8,"2,602,766",tt1375666,"$292,587,330 ",87%
Star Wars: Episode V - The Empire Strikes Back,1980,PG,6/18/1980,124,"Action, Adventure, Fantasy",Irvin Kershner,"Leigh Brackett, Lawrence Kasdan, George Lucas","Mark Hamill, Harrison Ford, Carrie Fisher","After the Empire overpowers the Rebel Alliance, Luke Skywalker begins his Jedi training with Yoda. At the same time, Darth Vader and bounty hunter Boba Fett pursue his friends across the galaxy.",United States,Won 1 Oscar. 27 wins & 20 nominations total,82,8.7,"1,405,212",tt0080684,"$292,753,960 ",95%
The Matrix,1999,R,3/31/1999,136,"Action, Sci-Fi","Lana Wachowski, Lilly Wachowski","Lilly Wachowski, Lana Wachowski","Keanu Reeves, Laurence Fishburne, Carrie-Anne Moss","When a beautiful stranger leads computer hacker Neo to a forbidding underworld, he discovers the shocking truth--the life he knows is the elaborate deception of an evil cyber-intelligence.","United States, Australia",Won 4 Oscars. 42 wins & 52 nominations total,73,8.7,"2,095,617",tt0133093,"$172,076,928 ",83%
Goodfellas,1990,R,9/21/1990,145,"Biography, Crime, Drama",Martin Scorsese,"Nicholas Pileggi, Martin Scorsese","Robert De Niro, Ray Liotta, Joe Pesci","The story of Henry Hill and his life in the mafia, covering his relationship with his wife Karen and his mob partners Jimmy Conway and Tommy DeVito.",United States,Won 1 Oscar. 44 wins & 38 nominations total,92,8.7,"1,287,118",tt0099685,"$46,909,721 ",95%
One Flew Over the Cuckoo's Nest,1975,R,11/19/1975,133,Drama,Milos Forman,"Lawrence Hauben, Bo Goldman, Ken Kesey","Jack Nicholson, Louise Fletcher, Michael Berryman","In the Fall of 1963, a Korean War veteran and criminal pleads insanity and is admitted to a mental institution, where he rallies up the scared patients against the tyrannical nurse.",United States,Won 5 Oscars. 38 wins & 15 nominations total,84,8.7,"1,088,637",tt0073486,"$108,981,275 ",93%
Interstellar,2014,PG-13,11/7/2014,169,"Adventure, Drama, Sci-Fi",Christopher Nolan,"Jonathan Nolan, Christopher Nolan","Matthew McConaughey, Anne Hathaway, Jessica Chastain","When Earth becomes uninhabitable in the future, a farmer and ex-NASA pilot, Joseph Cooper, is tasked to pilot a spacecraft, along with a team of researchers, to find a new planet for humans.","United States, United Kingdom, Canada",Won 1 Oscar. 44 wins & 148 nominations total,74,8.7,"2,170,072",tt0816692,"$188,020,017 ",73%
Se7en,1995,R,9/22/1995,127,"Crime, Drama, Mystery",David Fincher,Andrew Kevin Walker,"Morgan Freeman, Brad Pitt, Kevin Spacey","Two detectives, a rookie and a veteran, hunt a serial killer who uses the seven deadly sins as his motives.",United States,Nominated for 1 Oscar. 29 wins & 44 nominations total,65,8.6,"1,842,793",tt0114369,"$100,125,643 ",83%
It's a Wonderful Life,1946,PG,1/7/1947,130,"Drama, Family, Fantasy",Frank Capra,"Frances Goodrich, Albert Hackett, Frank Capra","James Stewart, Donna Reed, Lionel Barrymore",An angel is sent from Heaven to help a desperately frustrated businessman by showing him what life would have been like if he had never existed.,United States,Nominated for 5 Oscars. 7 wins & 6 nominations total,89,8.6,"507,065",tt0038650,"$1,483,643 ",94%
Seven Samurai,1954,Not Rated,11/19/1956,207,"Action, Drama",Akira Kurosawa,"Akira Kurosawa, Shinobu Hashimoto, Hideo Oguni","Toshirô Mifune, Takashi Shimura, Keiko Tsushima","Farmers from a village exploited by bandits hire a veteran samurai for protection, who gathers six other samurai to join him.",Japan,Nominated for 2 Oscars. 5 wins & 9 nominations total,98,8.6,"373,943",tt0047478,"$800,916 ",100%
The Silence of the Lambs,1991,R,2/14/1991,118,"Crime, Drama, Thriller",Jonathan Demme,"Thomas Harris, Ted Tally","Jodie Foster, Anthony Hopkins, Scott Glenn","A young F.B.I. cadet must receive the help of an incarcerated and manipulative cannibal killer to help catch another serial killer, a madman who skins his victims.",United States,Won 5 Oscars. 71 wins & 50 nominations total,86,8.6,"1,583,062",tt0102926,"$130,742,922 ",95%
Saving Private Ryan,1998,R,7/24/1998,169,"Drama, War",Steven Spielberg,Robert Rodat,"Tom Hanks, Matt Damon, Tom Sizemore","Following the Normandy Landings, a group of U.S. soldiers go behind enemy lines to retrieve a paratrooper whose brothers have been killed in action.",United States,Won 5 Oscars. 79 wins & 75 nominations total,91,8.6,"1,528,812",tt0120815,"$217,049,603 ",94%
City of God,2002,R,2/13/2004,130,"Crime, Drama","Fernando Meirelles, Kátia Lund","Paulo Lins, Bráulio Mantovani","Alexandre Rodrigues, Leandro Firmino, Matheus Nachtergaele","In the slums of Rio, two kids' paths diverge as one struggles to become a photographer and the other a kingpin.","Brazil, France",Nominated for 4 Oscars. 75 wins & 50 nominations total,79,8.6,"817,002",tt0317248,"$7,564,459 ",91%
Life Is Beautiful,1997,PG-13,12/20/1997,116,"Comedy, Drama, Romance",Roberto Benigni,"Vincenzo Cerami, Roberto Benigni","Roberto Benigni, Nicoletta Braschi, Giorgio Cantarini","When an open-minded Jewish waiter and his son become victims of the Holocaust, he uses a perfect mixture of will, humor and imagination to protect his son from the dangers around their camp.",Italy,Won 3 Oscars. 72 wins & 52 nominations total,59,8.6,"757,812",tt0118799,"$57,563,264 ",81%
The Green Mile,1999,R,12/10/1999,189,"Crime, Drama, Fantasy",Frank Darabont,"Stephen King, Frank Darabont","Tom Hanks, Michael Clarke Duncan, David Morse","A tale set on death row, where gentle giant John Coffey possesses the mysterious power to heal people's ailments. When the lead guard, Paul Edgecombe, recognizes John's gift, he tries to help stave off the condemned man's execution.",United States,Nominated for 4 Oscars. 15 wins & 37 nominations total,61,8.6,"1,440,593",tt0120689,"$136,801,374 ",79%
Terminator 2: Judgment Day,1991,R,7/3/1991,137,"Action, Adventure, Sci-Fi",James Cameron,"James Cameron, William Wisher","Arnold Schwarzenegger, Linda Hamilton, Edward Furlong","A cyborg, identical to the one who failed to kill Sarah Connor, must now protect her ten year old son John from an even more advanced and powerful cyborg.","United States, France",Won 4 Oscars. 39 wins & 33 nominations total,75,8.6,"1,200,133",tt0103064,"$205,881,154 ",91%
Star Wars: Episode IV - A New Hope,1977,PG,5/25/1977,121,"Action, Adventure, Fantasy",George Lucas,George Lucas,"Mark Hamill, Harrison Ford, Carrie Fisher","Luke Skywalker joins forces with a Jedi Knight, a cocky pilot, a Wookiee and two droids to save the galaxy from the Empire's world-destroying battle station, while also attempting to rescue Princess Leia from the mysterious Darth ...",United States,Won 6 Oscars. 69 wins & 30 nominations total,90,8.6,"1,474,225",tt0076759,"$460,998,507 ",93%
Back to the Future,1985,PG,7/3/1985,116,"Adventure, Comedy, Sci-Fi",Robert Zemeckis,"Robert Zemeckis, Bob Gale","Michael J. Fox, Christopher Lloyd, Lea Thompson","Marty McFly, a 17-year-old high school student, is accidentally sent 30 years into the past in a time-traveling DeLorean invented by his close friend, the maverick scientist Doc Brown.",United States,Won 1 Oscar. 25 wins & 25 nominations total,87,8.5,"1,337,132",tt0088763,"$214,077,472 ",93%
Spirited Away,2001,PG,3/28/2003,124,"Animation, Adventure, Family",Hayao Miyazaki,Hayao Miyazaki,"Daveigh Chase, Suzanne Pleshette, Miyu Irino","During her family's move to the suburbs, a sullen 10-year-old girl wanders into a world ruled by gods, witches and spirits, and where humans are changed into beasts.","Japan, United States",Won 1 Oscar. 58 wins & 31 nominations total,96,8.6,"874,286",tt0245429,"$15,205,725 ",96%
The Pianist,2002,R,3/28/2003,150,"Biography, Drama, Music",Roman Polanski,"Ronald Harwood, Wladyslaw Szpilman","Adrien Brody, Thomas Kretschmann, Frank Finlay","During WWII, acclaimed Polish musician Wladyslaw faces various struggles as he loses contact with his family. As the situation worsens, he hides in the ruins of Warsaw in order to survive.","France, Poland, Germany, United Kingdom, United States",Won 3 Oscars. 57 wins & 74 nominations total,85,8.5,"936,992",tt0253474,"$32,590,750 ",95%
Parasite,2019,R,11/8/2019,132,"Drama, Thriller",Bong Joon Ho,"Bong Joon Ho, Han Jin-won","Song Kang-ho, Lee Sun-kyun, Cho Yeo-jeong",Greed and class discrimination threaten the newly formed symbiotic relationship between the wealthy Park family and the destitute Kim clan.,South Korea,Won 4 Oscars. 316 wins & 266 nominations total,96,8.5,"999,122",tt6751668,"$53,369,749 ",99%
Psycho,1960,R,9/8/1960,109,"Horror, Mystery, Thriller",Alfred Hitchcock,"Joseph Stefano, Robert Bloch","Anthony Perkins, Janet Leigh, Vera Miles",A secretary on the run for embezzlement takes refuge at a secluded California motel owned by a repressed man and his overbearing mother.,United States,Nominated for 4 Oscars. 8 wins & 14 nominations total,97,8.5,"734,194",tt0054215,"$32,000,000 ",97%
Gladiator,2000,R,5/5/2000,155,"Action, Adventure, Drama",Ridley Scott,"David Franzoni, John Logan, William Nicholson","Russell Crowe, Joaquin Phoenix, Connie Nielsen",A former Roman General sets out to exact vengeance against the corrupt emperor who murdered his family and sent him into slavery.,"United States, United Kingdom, Malta, Morocco",Won 5 Oscars. 60 wins & 104 nominations total,67,8.5,"1,665,601",tt0172495,"$187,705,427 ",80%
The Lion King,1994,G,6/24/1994,88,"Animation, Adventure, Drama","Roger Allers, Rob Minkoff","Irene Mecchi, Jonathan Roberts, Linda Woolverton","Matthew Broderick, Jeremy Irons, James Earl Jones","Lion prince Simba and his father are targeted by his bitter uncle, who wants to ascend the throne himself.",United States,Won 2 Oscars. 43 wins & 35 nominations total,88,8.5,"1,168,861",tt0110357,"$424,979,720 ",92%
Spider-Man: Across the Spider-Verse,2023,PG,6/2/2023,140,"Animation, Action, Adventure","Joaquim Dos Santos, Kemp Powers, Justin K. Thompson","Phil Lord, Christopher Miller, Dave Callaham","Shameik Moore, Hailee Steinfeld, Brian Tyree Henry","Miles Morales catapults across the multiverse, where he encounters a team of Spider-People charged with protecting its very existence. When the heroes clash on how to handle a new threat, Miles must redefine what it means to be a ...",United States,Nominated for 1 Oscar. 106 wins & 164 nominations total,86,8.6,"410,990",tt9362722,"$381,593,754 ",95%
The Departed,2006,R,10/6/2006,151,"Crime, Drama, Thriller",Martin Scorsese,"William Monahan, Alan Mak, Felix Chong","Leonardo DiCaprio, Matt Damon, Jack Nicholson",An undercover cop and a mole in the police attempt to identify each other while infiltrating an Irish gang in South Boston.,"United States, Hong Kong",Won 4 Oscars. 99 wins & 141 nominations total,85,8.5,"1,448,203",tt0407887,"$132,399,394 ",91%
Whiplash,2014,R,10/15/2014,106,"Drama, Music",Damien Chazelle,Damien Chazelle,"Miles Teller, J.K. Simmons, Melissa Benoist",A promising young drummer enrolls at a cut-throat music conservatory where his dreams of greatness are mentored by an instructor who will stop at nothing to realize a student's potential.,United States,Won 3 Oscars. 98 wins & 144 nominations total,89,8.5,"1,021,412",tt2582802,"$13,995,863 ",94%
Grave of the Fireflies,1988,Not Rated,7/26/1989,88,"Animation, Drama, War",Isao Takahata,"Akiyuki Nosaka, Isao Takahata","Tsutomu Tatsumi, Ayano Shiraishi, Akemi Yamaguchi",A young boy and his little sister struggle to survive in Japan during World War II.,"Japan, United States",3 wins,94,8.5,"326,076",tt0095327,"$516,962 ",100%
American History X,1998,R,11/20/1998,119,"Crime, Drama",Tony Kaye,David McKenna,"Edward Norton, Edward Furlong, Beverly D'Angelo","Living a life marked by violence, neo-Nazi Derek finally goes to prison after killing two black youths. Upon his release, Derek vows to change; he hopes to prevent his brother, Danny, who idolizes Derek, from following in his foot...",United States,Nominated for 1 Oscar. 4 wins & 15 nominations total,62,8.5,"1,206,855",tt0120586,"$6,719,864 ",84%
Léon: The Professional,1994,R,11/18/1994,110,"Action, Crime, Drama",Luc Besson,Luc Besson,"Jean Reno, Gary Oldman, Natalie Portman","12-year-old Mathilda is reluctantly taken in by Léon, a professional assassin, after her family is murdered. An unusual relationship forms as she becomes his protégée and learns the assassin's trade.","France, United States",5 wins & 16 nominations,64,8.5,"1,271,727",tt0110413,"$19,501,238 ",75%
The Prestige,2006,PG-13,10/20/2006,130,"Drama, Mystery, Sci-Fi",Christopher Nolan,"Jonathan Nolan, Christopher Nolan, Christopher Priest","Christian Bale, Hugh Jackman, Scarlett Johansson","After a tragic accident, two stage magicians in 1890s London engage in a battle to create the ultimate illusion while sacrificing everything they have to outwit each other.","United Kingdom, United States",Nominated for 2 Oscars. 6 wins & 44 nominations total,66,8.5,"1,469,856",tt0482571,"$53,089,891 ",77%
Casablanca,1942,PG,1/23/1943,102,"Drama, Romance, War",Michael Curtiz,"Julius J. Epstein, Howard Koch, Murray Burnett","Humphrey Bogart, Ingrid Bergman, Paul Henreid",A cynical expatriate American cafe owner struggles to decide whether or not to help his former lover and her fugitive husband escape the Nazis in French Morocco.,United States,Won 3 Oscars. 14 wins & 11 nominations total,100,8.5,"615,791",tt0034583,"$4,219,709 ",99%
The Usual Suspects,1995,R,8/16/1995,106,"Crime, Drama, Mystery",Bryan Singer,Christopher McQuarrie,"Kevin Spacey, Gabriel Byrne, Chazz Palminteri",The sole survivor of a pier shoot-out tells the story of how a notorious criminal influenced the events that began with five criminals meeting in a seemingly random police lineup.,"Germany, United States",Won 2 Oscars. 37 wins & 17 nominations total,77,8.5,"1,164,538",tt0114814,"$23,341,568 ",87%
The Intouchables,2011,R,11/2/2011,112,"Comedy, Drama","Olivier Nakache, Éric Toledano","Olivier Nakache, Éric Toledano, Philippe Pozzo di Borgo","François Cluzet, Omar Sy, Anne Le Ny","After he becomes a quadriplegic from a paragliding accident, an aristocrat hires a young man from the projects to be his caregiver.",France,Nominated for 1 BAFTA Award38 wins & 40 nominations total,57,8.5,"948,650",tt1675434,"$10,198,820 ",76%
Cinema Paradiso,1988,PG,2/23/1990,174,"Drama, Romance",Giuseppe Tornatore,"Giuseppe Tornatore, Vanna Paoli","Philippe Noiret, Enzo Cannavale, Antonella Attili","Salvatore, a famous film director, returns to his hometown for the funeral of the local theater's film projectionist, Alfredo. He reminisces about his life as a young boy falling in love with cinema.","Italy, France",Won 1 Oscar. 25 wins & 33 nominations total,80,8.5,"289,385",tt0095765,"$12,397,210 ",91%
Modern Times,1936,G,2/25/1936,87,"Comedy, Drama, Romance",Charles Chaplin,Charles Chaplin,"Charles Chaplin, Paulette Goddard, Henry Bergman",The Tramp struggles to live in modern industrial society with the help of a young homeless woman.,United States,4 wins & 1 nomination,96,8.5,"263,852",tt0027977,"$163,577 ",98%
Alien,1979,R,6/22/1979,117,"Horror, Sci-Fi",Ridley Scott,"Dan O'Bannon, Ronald Shusett","Sigourney Weaver, Tom Skerritt, John Hurt","After investigating a mysterious transmission of unknown origin, the crew of a commercial spacecraft encounters a deadly lifeform.","United Kingdom, United States",Won 1 Oscar. 19 wins & 22 nominations total,89,8.5,"984,502",tt0078748,"$84,206,106 ",93%
Rear Window,1954,PG,9/1/1954,112,"Mystery, Thriller",Alfred Hitchcock,"John Michael Hayes, Cornell Woolrich","James Stewart, Grace Kelly, Wendell Corey",A bored photographer recovering from a broken leg passes the time by watching his neighbors and begins to suspect one of them of murder.,United States,Nominated for 4 Oscars. 6 wins & 13 nominations total,100,8.5,"532,968",tt0047396,"$36,764,313 ",98%
Once Upon a Time in the West,1968,PG-13,7/4/1969,166,"Drama, Western",Sergio Leone,"Sergio Donati, Sergio Leone, Dario Argento","Henry Fonda, Charles Bronson, Claudia Cardinale",A mysterious stranger with a harmonica joins forces with a notorious desperado to protect a beautiful widow from a ruthless assassin working for the railroad.,"Italy, United States",6 wins & 5 nominations,82,8.5,"355,336",tt0064116,"$5,321,508 ",96%
Django Unchained,2012,R,12/25/2012,165,"Comedy, Drama, Western",Quentin Tarantino,Quentin Tarantino,"Jamie Foxx, Christoph Waltz, Leonardo DiCaprio","With the help of a German bounty-hunter, a freed slave sets out to rescue his wife from a brutal plantation owner in Mississippi.",United States,Won 2 Oscars. 58 wins & 158 nominations total,81,8.5,"1,733,979",tt1853728,"$162,805,434 ",87%
City Lights,1931,G,3/7/1931,87,"Comedy, Drama, Romance",Charles Chaplin,"Charles Chaplin, Harry Carr, Harry Crocker","Charles Chaplin, Virginia Cherrill, Florence Lee","With the aid of a wealthy erratic tippler, a dewy-eyed tramp who has fallen in love with a sightless flower girl accumulates money to be able to help her medically.",United States,4 wins,99,8.5,"199,335",tt0021749,"$19,181 ",95%
Apocalypse Now,1979,R,8/15/1979,147,"Drama, Mystery, War",Francis Ford Coppola,"John Milius, Francis Ford Coppola, Michael Herr","Martin Sheen, Marlon Brando, Robert Duvall",A U.S. Army officer serving in Vietnam is tasked with assassinating a renegade Special Forces Colonel who sees himself as a god.,United States,Won 2 Oscars. 21 wins & 33 nominations total,94,8.4,"722,779",tt0078788,"$96,042,913 ",91%
Memento,2000,R,5/25/2001,113,"Mystery, Thriller",Christopher Nolan,"Christopher Nolan, Jonathan Nolan","Guy Pearce, Carrie-Anne Moss, Joe Pantoliano","Leonard Shelby, an insurance investigator, suffers from anterograde amnesia and uses notes and tattoos to hunt for the man he thinks killed his wife, which is the last thing he remembers.",United States,Nominated for 2 Oscars. 57 wins & 59 nominations total,83,8.4,"1,347,376",tt0209144,"$25,544,867 ",94%
WALL·E,2008,G,6/29/2008,98,"Animation, Adventure, Family",Andrew Stanton,"Andrew Stanton, Pete Docter, Jim Reardon","Ben Burtt, Elissa Knight, Jeff Garlin","A robot who is responsible for cleaning a waste-covered Earth meets another robot and falls in love with her. Together, they set out on a journey that will alter the fate of mankind.","United States, Japan",Won 1 Oscar. 96 wins & 95 nominations total,95,8.4,"1,226,415",tt0910970,"$223,808,164 ",95%
Raiders of the Lost Ark,1981,PG,6/12/1981,115,"Action, Adventure",Steven Spielberg,"Lawrence Kasdan, George Lucas, Philip Kaufman","Harrison Ford, Karen Allen, Paul Freeman","In 1936, archaeologists and adventurers of the U.S. government hired Indiana Jones to find the Ark of the Covenant before the Nazis could obtain its extraordinary powers.",United States,Won 4 Oscars. 38 wins & 24 nominations total,85,8.4,"1,052,696",tt0082971,"$248,159,971 ",93%
The Lives of Others,2006,R,3/30/2007,137,"Drama, Mystery, Thriller",Florian Henckel von Donnersmarck,Florian Henckel von Donnersmarck,"Ulrich Mühe, Martina Gedeck, Sebastian Koch","In 1984 East Berlin, an agent of the secret police conducting surveillance on a writer and his lover finds himself becoming increasingly absorbed by their lives.","Germany, France",Won 1 Oscar. 80 wins & 38 nominations total,89,8.4,"416,875",tt0405094,"$11,286,112 ",92%
Sunset Boulevard,1950,Approved,8/4/1950,110,"Drama, Film-Noir",Billy Wilder,"Charles Brackett, Billy Wilder, D.M. Marshman Jr.","William Holden, Gloria Swanson, Erich von Stroheim",A screenwriter develops a dangerous relationship with a faded film star determined to make a triumphant return.,United States,Won 3 Oscars. 19 wins & 20 nominations total,94,8.4,"241,427",tt0043014,"$299,645 ",98%
Avengers: Infinity War,2018,PG-13,4/27/2018,149,"Action, Adventure, Sci-Fi","Anthony Russo, Joe Russo","Christopher Markus, Stephen McFeely, Stan Lee","Robert Downey Jr., Chris Hemsworth, Mark Ruffalo",The Avengers and their allies must be willing to sacrifice all in an attempt to defeat the powerful Thanos before his blitz of devastation and ruin puts an end to the universe.,"United States, Norway",Nominated for 1 Oscar. 48 wins & 81 nominations total,68,8.4,"1,239,574",tt4154756,"$678,815,482 ",85%
Spider-Man: Into the Spider-Verse,2018,PG,12/14/2018,117,"Animation, Action, Adventure","Bob Persichetti, Peter Ramsey, Rodney Rothman","Phil Lord, Rodney Rothman","Shameik Moore, Jake Johnson, Hailee Steinfeld",Teen Miles Morales becomes the Spider-Man of his universe and must join with five spider-powered individuals from other dimensions to stop a threat for all realities.,"Canada, United States",Won 1 Oscar. 85 wins & 61 nominations total,87,8.4,"695,850",tt4633694,"$190,241,310 ",97%
The Shining,1980,R,6/13/1980,146,"Drama, Horror",Stanley Kubrick,"Stephen King, Stanley Kubrick, Diane Johnson","Jack Nicholson, Shelley Duvall, Danny Lloyd","A family heads to an isolated hotel for the winter, where a sinister presence influences the father into violence. At the same time, his psychic son sees horrifying forebodings from both the past and the future.","United Kingdom, United States",6 wins & 9 nominations,66,8.4,"1,132,028",tt0081505,"$45,634,352 ",83%
Aliens,1986,R,7/18/1986,137,"Action, Adventure, Sci-Fi",James Cameron,"James Cameron, David Giler, Walter Hill","Sigourney Weaver, Michael Biehn, Carrie Henn","Decades after surviving the Nostromo incident, Ellen Ripley is sent out to re-establish contact with a terraforming colony but finds herself battling the Alien Queen and her offspring.","United Kingdom, United States",Won 2 Oscars. 20 wins & 25 nominations total,84,8.4,"787,340",tt0090605,"$85,160,248 ",94%
Inglourious Basterds,2009,R,8/21/2009,153,"Adventure, Drama, War",Quentin Tarantino,Quentin Tarantino,"Brad Pitt, Diane Kruger, Eli Roth","In Nazi-occupied France during World War II, a plan to assassinate Nazi leaders by a group of Jewish U.S. soldiers coincides with a theatre owner's vengeful plans for the same.","United States, Germany",Won 1 Oscar. 134 wins & 172 nominations total,69,8.4,"1,622,306",tt0361748,"$120,540,719 ",89%
The Dark Knight Rises,2012,PG-13,7/20/2012,164,"Action, Drama, Thriller",Christopher Nolan,"Jonathan Nolan, Christopher Nolan, David S. Goyer","Christian Bale, Tom Hardy, Anne Hathaway","Bane, an imposing terrorist, attacks Gotham City and disrupts its eight-year-long period of peace. This forces Bruce Wayne to come out of hiding and don the cape and cowl of Batman again.","United States, United Kingdom",Nominated for 1 BAFTA Award45 wins & 103 nominations total,78,8.4,"1,867,630",tt1345836,"$448,149,584 ",87%
Coco,2017,PG,11/22/2017,105,"Animation, Adventure, Drama","Lee Unkrich, Adrian Molina","Lee Unkrich, Jason Katz, Matthew Aldrich","Anthony Gonzalez, Gael García Bernal, Benjamin Bratt","Aspiring musician Miguel, confronted with his family's ancestral ban on music, enters the Land of the Dead to find his great-great-grandfather, a legendary singer.","United States, Mexico",Won 2 Oscars. 112 wins & 42 nominations total,81,8.4,"618,005",tt2380307,"$210,460,015 ",97%
Amadeus,1984,PG,9/19/1984,160,"Biography, Drama, Music",Milos Forman,"Peter Shaffer, Zdenek Mahler","F. Murray Abraham, Tom Hulce, Elizabeth Berridge","The life, success and troubles of Wolfgang Amadeus Mozart, as told by Antonio Salieri, the contemporaneous composer who was deeply jealous of Mozart's talent and claimed to have murdered him.","United States, France",Won 8 Oscars. 43 wins & 15 nominations total,87,8.4,"435,089",tt0086879,"$51,973,029 ",89%
Toy Story,1995,G,11/22/1995,81,"Animation, Adventure, Comedy",John Lasseter,"John Lasseter, Pete Docter, Andrew Stanton","Tom Hanks, Tim Allen, Don Rickles",A cowboy doll is profoundly threatened and jealous when a new spaceman action figure supplants him as top toy in a boy's bedroom.,United States,Nominated for 3 Oscars. 29 wins & 24 nominations total,96,8.3,"1,089,101",tt0114709,"$223,225,679 ",100%
Dr. Strangelove or: How I Learned to Stop Worrying and Love the Bomb,1964,PG,1/29/1964,95,"Comedy, War",Stanley Kubrick,"Stanley Kubrick, Terry Southern, Peter George","Peter Sellers, George C. Scott, Sterling Hayden","An unhinged American general orders a bombing attack on the Soviet Union, triggering a path to nuclear holocaust that a war room full of politicians and generals frantically tries to stop.","United Kingdom, United States",Nominated for 4 Oscars. 14 wins & 11 nominations total,97,8.3,"526,418",tt0057012,"$9,440,272 ",98%
Oldboy,2003,R,11/21/2003,120,"Action, Drama, Mystery",Park Chan-wook,"Garon Tsuchiya, Nobuaki Minegishi, Park Chan-wook","Choi Min-sik, Yoo Ji-tae, Kang Hye-jeong","After being kidnapped and imprisoned for fifteen years, Oh Dae-Su is released, only to find that he must track down his captor in five days.",South Korea,40 wins & 28 nominations,77,8.3,"654,594",tt0364569,"$2,458,200 ",83%
American Beauty,1999,R,10/1/1999,122,Drama,Sam Mendes,Alan Ball,"Kevin Spacey, Annette Bening, Thora Birch",A sexually frustrated suburban father has a mid-life crisis after becoming infatuated with his daughter's best friend.,United States,Won 5 Oscars. 112 wins & 102 nominations total,84,8.3,"1,226,527",tt0169547,"$130,096,601 ",87%
Avengers: Endgame,2019,PG-13,4/26/2019,181,"Action, Adventure, Drama","Anthony Russo, Joe Russo","Christopher Markus, Stephen McFeely, Stan Lee","Robert Downey Jr., Chris Evans, Mark Ruffalo","After the devastating events of Avengers: Infinity War (2018), the universe is in ruins. With the help of remaining allies, the Avengers assemble once more in order to reverse Thanos' actions and restore balance to the universe.",United States,Nominated for 1 Oscar. 70 wins & 133 nominations total,78,8.4,"1,304,298",tt4154796,"$858,373,000 ",94%
Das Boot,1981,R,2/10/1982,149,"Drama, War",Wolfgang Petersen,"Wolfgang Petersen, Lothar G. Buchheim","Jürgen Prochnow, Herbert Grönemeyer, Klaus Wennemann",A German U-boat stalks the frigid waters of the North Atlantic as its young crew experience the sheer terror and claustrophobic life of a submariner in World War II.,West Germany,Nominated for 6 Oscars. 13 wins & 12 nominations total,86,8.4,"268,436",tt0082096,"$11,487,676 ",98%
Braveheart,1995,R,5/24/1995,178,"Biography, Drama, War",Mel Gibson,Randall Wallace,"Mel Gibson, Sophie Marceau, Patrick McGoohan",Scottish warrior William Wallace leads his countrymen in a rebellion to free his homeland from the tyranny of King Edward I of England.,United States,Won 5 Oscars. 34 wins & 34 nominations total,68,8.3,"1,108,282",tt0112573,"$75,609,945 ",76%
Good Will Hunting,1997,R,1/9/1998,126,"Drama, Romance",Gus Van Sant,"Matt Damon, Ben Affleck","Robin Williams, Matt Damon, Ben Affleck","Will Hunting, a janitor at MIT, has a gift for mathematics, but needs help from a psychologist to find direction in his life.",United States,Won 2 Oscars. 25 wins & 61 nominations total,70,8.3,"1,099,672",tt0119217,"$138,433,435 ",97%
Princess Mononoke,1997,PG-13,7/12/1997,133,"Animation, Action, Adventure",Hayao Miyazaki,Hayao Miyazaki,"Yôji Matsuda, Yuriko Ishida, Yûko Tanaka","On a journey to find the cure for a Tatarigami's curse, Ashitaka finds himself in the middle of a war between the forest gods and Tatara, a mining colony. In this quest he also meets San, the Mononoke Hime.",Japan,14 wins & 6 nominations,76,8.3,"444,349",tt0119698,"$4,845,631 ",93%
Your Name.,2016,TV-PG,4/7/2017,106,"Animation, Drama, Fantasy",Makoto Shinkai,Makoto Shinkai,"Ryunosuke Kamiki, Mone Kamishiraishi, Ryo Narita","Two teenagers share a profound, magical connection upon discovering they are swapping bodies. Things manage to become even more complicated when the boy and girl decide to meet in person.",Japan,17 wins & 27 nominations,81,8.4,"335,453",tt5311514,"$5,017,246 ",98%
Joker,2019,R,10/4/2019,122,"Crime, Drama, Thriller",Todd Phillips,"Todd Phillips, Scott Silver, Bob Kane","Joaquin Phoenix, Robert De Niro, Zazie Beetz","Arthur Fleck, a party clown and a failed stand-up comedian, leads an impoverished life with his ailing mother. However, when society shuns him and brands him as a freak, he decides to embrace the life of chaos in Gotham City.","United States, Canada, Australia",Won 2 Oscars. 121 wins & 247 nominations total,59,8.4,"1,554,927",tt7286456,"$335,477,657 ",68%
High and Low,1963,Not Rated,11/26/1963,143,"Crime, Drama, Mystery",Akira Kurosawa,"Hideo Oguni, Ryûzô Kikushima, Eijirô Hisaita","Toshirô Mifune, Yutaka Sada, Tatsuya Nakadai",An executive of a Yokohama shoe company becomes a victim of extortion when his chauffeur's son is kidnapped by mistake and held for ransom.,Japan,3 wins & 3 nominations,90,8.4,"55,858",tt0057565,"$46,808 ",96%
3 Idiots,2009,PG-13,12/25/2009,170,"Comedy, Drama",Rajkumar Hirani,"Abhijat Joshi, Rajkumar Hirani, Vidhu Vinod Chopra","Aamir Khan, Madhavan, Mona Singh","Two friends are searching for their long lost companion. They revisit their college days and recall the memories of their friend who inspired them to think differently, even as the rest of the world called them ""idiots"".",India,64 wins & 30 nominations,67,8.4,"445,432",tt1187043,"$6,532,874 ",100%
Once Upon a Time in America,1984,R,6/1/1984,229,"Crime, Drama",Sergio Leone,"Harry Grey, Leonardo Benvenuti, Piero De Bernardi","Robert De Niro, James Woods, Elizabeth McGovern","A former Prohibition-era Jewish gangster returns to the Lower East Side of Manhattan 35 years later, where he must once again confront the ghosts and regrets of his old life.","Italy, United States",Won 2 BAFTA 11 wins & 13 nominations total,75,8.3,"384,950",tt0087843,"$5,321,508 ",86%
Singin' in the Rain,1952,G,4/10/1952,103,"Comedy, Musical, Romance","Stanley Donen, Gene Kelly","Betty Comden, Adolph Green","Gene Kelly, Donald O'Connor, Debbie Reynolds",A silent film star falls for a chorus girl just as he and his delusionally jealous screen partner are trying to make the difficult transition to talking pictures in 1920s Hollywood.,United States,Nominated for 2 Oscars. 8 wins & 9 nominations total,99,8.3,"265,973",tt0045152,"$1,884,537 ",100%
Capernaum,2018,R,9/20/2018,126,Drama,Nadine Labaki,"Nadine Labaki, Jihad Hojeily, Michelle Keserwany","Zain Al Rafeea, Yordanos Shiferaw, Boluwatife Treasure Bankole","While serving a five-year sentence for a violent crime, a 12-year-old boy sues his parents for neglect.","Lebanon, United States, France, Cyprus, Qatar, United Kingdom",Nominated for 1 Oscar. 39 wins & 55 nominations total,75,8.4,"110,232",tt8267604,"$1,661,096 ",90%
Requiem for a Dream,2000,NC-17,12/15/2000,102,Drama,Darren Aronofsky,"Hubert Selby Jr., Darren Aronofsky","Ellen Burstyn, Jared Leto, Jennifer Connelly",The drug-induced utopias of four Coney Island people are shattered when their addictions run deep.,United States,Nominated for 1 Oscar. 37 wins & 69 nominations total,71,8.3,"917,768",tt0180093,"$3,635,482 ",78%
Toy Story 3,2010,G,6/29/2010,103,"Animation, Adventure, Comedy",Lee Unkrich,"John Lasseter, Andrew Stanton, Lee Unkrich","Tom Hanks, Tim Allen, Joan Cusack","The toys are mistakenly delivered to a day-care center instead of the attic right before Andy leaves for college, and it's up to Woody to convince the other toys that they weren't abandoned and to return home.",United States,Won 2 Oscars. 63 wins & 96 nominations total,92,8.3,"908,222",tt0435761,"$415,004,880 ",98%
Star Wars: Episode VI - Return of the Jedi,1983,PG,5/25/1983,131,"Action, Adventure, Fantasy",Richard Marquand,"Lawrence Kasdan, George Lucas","Mark Hamill, Harrison Ford, Carrie Fisher","After rescuing Han Solo from Jabba the Hutt, the Rebel Alliance attempts to destroy the second Death Star while Luke struggles to help Darth Vader back from the dark side.",United States,Nominated for 4 Oscars. 25 wins & 23 nominations total,58,8.3,"1,141,461",tt0086190,"$316,566,101 ",82%
The Hunt,2012,R,1/10/2013,115,Drama,Thomas Vinterberg,"Thomas Vinterberg, Tobias Lindholm","Mads Mikkelsen, Thomas Bo Larsen, Annika Wedderkopp","A teacher lives a lonely life, all the while struggling over his son's custody. His life slowly gets better as he finds love and receives good news from his son, but his new luck is about to be brutally shattered by an innocent li...","Denmark, Sweden",Nominated for 1 Oscar. 38 wins & 73 nominations total,77,8.3,"373,913",tt2106476,"$613,308 ",92%
Eternal Sunshine of the Spotless Mind,2004,R,3/19/2004,108,"Drama, Romance, Sci-Fi",Michel Gondry,"Charlie Kaufman, Michel Gondry, Pierre Bismuth","Jim Carrey, Kate Winslet, Tom Wilkinson","When their relationship turns sour, a couple undergoes a medical procedure to have each other erased from their memories forever.",United States,Won 1 Oscar. 73 wins & 111 nominations total,89,8.3,"1,102,316",tt0338013,"$34,400,301 ",92%
2001: A Space Odyssey,1968,G,5/12/1968,149,"Adventure, Sci-Fi",Stanley Kubrick,"Stanley Kubrick, Arthur C. Clarke","Keir Dullea, Gary Lockwood, William Sylvester","When a mysterious artifact is uncovered on the Moon, a spacecraft manned by two humans and one supercomputer is sent to Jupiter to find its origins.","United Kingdom, United States",Won 1 Oscar. 18 wins & 14 nominations total,84,8.3,"733,148",tt0062622,"$60,481,243 ",92%
Ikiru,1952,Not Rated,3/25/1956,143,Drama,Akira Kurosawa,"Akira Kurosawa, Shinobu Hashimoto, Hideo Oguni","Takashi Shimura, Nobuo Kaneko, Shin'ichi Himori",A bureaucrat tries to find meaning in his life after he discovers he has terminal cancer.,Japan,Nominated for 1 BAFTA Award6 wins & 2 nominations total,92,8.3,"90,685",tt0044741,"$60,239 ",98%
Reservoir Dogs,1992,R,9/2/1992,99,"Crime, Thriller",Quentin Tarantino,"Quentin Tarantino, Roger Avary","Harvey Keitel, Tim Roth, Michael Madsen","When a simple jewelry heist goes horribly wrong, the surviving criminals begin to suspect that one of them is a police informant.",United States,13 wins & 23 nominations,81,8.3,"1,107,051",tt0105236,"$2,832,029 ",90%
Lawrence of Arabia,1962,PG,4/2/2013,227,"Adventure, Biography, Drama",David Lean,"Robert Bolt, Michael Wilson","Peter O'Toole, Alec Guinness, Anthony Quinn","The story of T.E. Lawrence, the English officer who successfully united and led the diverse, often warring, Arab tribes during World War I in order to fight the Turks.","United Kingdom, United States",Won 7 Oscars. 31 wins & 14 nominations total,100,8.3,"320,668",tt0056172,"$45,306,425 ",93%
The Apartment,1960,Approved,6/29/1960,125,"Comedy, Drama, Romance",Billy Wilder,"Billy Wilder, I.A.L. Diamond","Jack Lemmon, Shirley MacLaine, Fred MacMurray","A Manhattan insurance clerk tries to rise in his company by letting its executives use his apartment for trysts, but office politics and his own romantic hopes complicate matters.",United States,Won 5 Oscars. 25 wins & 8 nominations total,94,8.3,"201,350",tt0053604,"$18,600,000 ",94%
